,A,B,C,D
2000-01-01,0.9771608745449447,0.9279416008440955,1.1107598216121677,-1.3330958093976968
2000-01-02,-0.05252123411840981,2.0116044441700587,3.169262199868391,0.5253062579182377
2000-01-03,0.9642137005637132,0.7454145772431124,3.702048665492345,1.8704949362230305
2000-01-04,0.7111200868591699,1.7632065594109798,2.792935797632655,1.6444914805067317
2000-01-05,-0.026221638801175895,2.782038962914391,2.54195291469114,2.3300624875925218
2000-01-06,-0.4815949437126019,1.2329363639939959,2.2141880530609863,1.749800259930672
2000-01-07,-0.31250281498498667,0.8515997715621797,3.691597240286214,1.6868884797546726
2000-01-08,-2.9756060124791635,1.4962041102295962,3.274163574261635,2.2360370037191903
2000-01-09,-3.740978078465194,1.2896039610636367,3.7102891911639797,2.578139938597598
2000-01-10,-2.633985288733218,1.3486643920797765,4.683041023732922,3.272733254399518
2000-01-11,-4.010589171358833,2.564281816771773,4.422512874642792,1.6400676460338874
2000-01-12,-5.363947937686037,4.406236691800905,4.284237126953017,2.701444561767463
2000-01-13,-6.03252222855971,3.601698613732431,4.3349967977298345,2.4185064450912894
2000-01-14,-6.248428951360778,2.330244054799178,4.456187433233271,2.3740118967019956
2000-01-15,-7.3874913893325935,2.020072144230723,4.310901792789087,0.4001389892803022
2000-01-16,-8.642623168571554,1.7995032505700541,2.8615572908145257,2.411744950764201
2000-01-17,-10.585536826921372,2.0957223083425847,2.1889323042651485,3.083015647807132
2000-01-18,-10.071919541829883,2.919962304107567,4.083474934130223,2.860286616967699
2000-01-19,-9.164670891683958,3.8032482153151794,2.1429085548248534,2.627747772380594
2000-01-20,-9.285596372187689,4.489966860106349,1.68234074845369,4.9657351568694015
2000-01-21,-10.83398607648494,4.655513410022862,2.619188932868869,6.772131613787489
2000-01-22,-11.460482665245143,5.058591651334961,4.215979322928036,8.448217444813116
2000-01-23,-13.507020221497951,4.810616167177876,5.32782463023004,9.592437276512229
2000-01-24,-15.080172505240927,4.597136878888568,5.884650906531259,11.121104082345244
2000-01-25,-14.029311796539304,6.466138986606701,4.421084073368398,12.531493694060687
2000-01-26,-13.20291621724748,7.421670558480662,4.806918042416674,11.988037942357915
2000-01-27,-12.173538353722286,7.795430664222107,3.6520987202074577,11.986473174256602
2000-01-28,-12.926651478188912,7.639328606247681,4.797178298750785,9.991427515303734
2000-01-29,-14.827361176195332,8.217572396020405,4.434601258829073,9.23528703252471
2000-01-30,-12.576669931974884,9.72993823671933,4.240314674970351,9.123967567128979
2000-01-31,-13.116161911544403,9.875430021710041,5.810197946004807,7.767336452277263
2000-02-01,-13.318957692627649,9.597207162295605,4.984451947376672,7.97364343471163
2000-02-02,-14.586567709521482,10.395920474363836,5.720270389997901,7.730630903697856
2000-02-03,-14.004394982535274,11.713554934292869,7.533814781895586,8.603253253157877
2000-02-04,-14.373084487740137,10.571089253217881,8.719318632953959,8.114142679787513
2000-02-05,-14.904861310488263,9.27923081639561,6.972724368263037,9.778467418453133
2000-02-06,-16.2728999892348,9.436539842558455,6.593866977278059,9.606423605213083
2000-02-07,-16.265933002773885,10.579105958926746,4.452553090042493,11.005669833354249
2000-02-08,-16.02117319778033,8.174344499385406,4.79675889000069,9.62296685790523
2000-02-09,-16.064352563089304,7.394686627392695,3.9746115740372194,8.040580014382497
2000-02-10,-17.48991676769666,6.590065125044343,4.491053447312018,8.796218559001122
2000-02-11,-19.351740819022698,6.46372329099846,3.206611924014756,8.161319523965842
2000-02-12,-19.9491697201961,6.689721938938904,3.7189757955041216,6.110931443522304
2000-02-13,-19.322537881775467,5.745296179188118,2.529185519124767,4.709833804255831
2000-02-14,-20.52726517339408,4.493644902473959,2.8895169752595424,4.567014999853675
2000-02-15,-21.247797234635943,5.072995163402815,2.204102177842384,4.140628423425301
2000-02-16,-19.831724546416645,5.869051226718038,2.038585562424982,3.736007956011623
2000-02-17,-18.979246721300747,7.122470242729506,1.9430263573718334,4.6809956267582375
2000-02-18,-19.322721101521278,6.357227093086444,0.736111415891515,3.030911844859003
2000-02-19,-18.139073233182405,7.243985865712622,-0.44759327000981997,2.0896190320558814
2000-02-20,-17.465182952419383,6.125114623197178,-1.574355441280966,2.0912976548394147
2000-02-21,-17.03407048680576,5.7692164232361955,0.25680757141316657,2.7306903575773953
2000-02-22,-16.513908389943776,5.672028820616847,0.6956853121859397,2.3900978818772334
2000-02-23,-17.69254375549196,5.916769952727944,1.2485879738041867,1.48347267622802
2000-02-24,-16.881141581448865,5.176213317409851,1.6669100585940204,2.598927753212611
2000-02-25,-16.788122038768076,4.653522140126421,0.6955778417296544,3.6628210364752762
2000-02-26,-17.479424861268473,2.3824896841586334,0.08197807081817388,4.87428640850044
2000-02-27,-18.897405409421484,2.3047997950051067,-0.6210481232516463,3.4583649592176577
2000-02-28,-18.856122236259928,2.4846789126704922,-0.02285461927962862,3.9896840305078776
2000-02-29,-19.78575666983738,3.2883041367776205,-0.5582798973296613,1.4401646705955664
2000-03-01,-21.482347740657012,3.6613681808414587,-2.0946812628825553,0.4385813991390548
2000-03-02,-22.23210361191638,5.535512340960711,-0.7322121591945778,1.029151021640323
2000-03-03,-22.071144604025797,5.532883589010761,-1.0763567619807368,1.1124066118798233
2000-03-04,-20.712591170116802,6.929993991690093,-0.5179746344588412,1.5486666761798622
2000-03-05,-22.34415455597294,6.825091702640031,-0.7444625446221849,0.5811039865658963
2000-03-06,-22.972136923690684,8.007449407152613,0.6575568626019008,1.2144303808393084
2000-03-07,-23.401642034609925,9.670546228415343,2.3805490546795816,2.4696504524747116
2000-03-08,-23.327942544382918,10.632819880579296,1.598997675640301,3.252613755082599
2000-03-09,-23.74580640130006,11.41952437548474,1.6733583661424933,2.7197460948995236
2000-03-10,-24.058747495502068,12.04693938955915,3.704407113287587,2.8237250257488955
2000-03-11,-24.422261875394412,12.598120629542143,4.690809970996339,2.6373540954220394
2000-03-12,-26.024134129243354,11.569103148314985,5.932421363680143,2.324917695963588
2000-03-13,-26.986536134959206,8.794075671245096,6.1579187274575355,1.496414874176955
2000-03-14,-25.696543005698818,11.184477962936086,6.315680608637414,1.1976264918135484
2000-03-15,-25.659012685492108,11.627338972358766,6.9757674156628795,1.385545683253781
2000-03-16,-24.007560538184784,9.31346851760908,5.728104025839004,0.6805957226591502
2000-03-17,-25.56931839155622,8.753547117013534,5.47224023564592,0.908232506270838
2000-03-18,-26.27527125107928,8.721239605640609,5.335274849846682,-0.6535212237152107
2000-03-19,-27.683478283247492,8.602539842460098,3.7141395437700497,-1.503072153637123
2000-03-20,-28.320836982738665,8.315622808702786,2.502597391716808,-1.148323965665499
2000-03-21,-28.192477202014803,9.231730171177933,2.123278535677714,0.2529431730619873
2000-03-22,-28.146174914873495,8.962908197965845,1.7590798492984385,1.7534315825545574
2000-03-23,-28.67547420479138,10.1627354990218,1.290260887339907,0.7448286538474638
2000-03-24,-28.387953198406777,10.904903988609258,1.4500946774066121,0.4425121247508219
2000-03-25,-28.181171838695565,10.909051611671478,1.9323335196780753,2.253873663663454
2000-03-26,-28.114898202474944,10.340057460246403,0.17276777240767882,4.055109625292684
2000-03-27,-28.419201081748113,10.128982456109876,1.5132332396787438,3.0086684181706085
2000-03-28,-28.084578201105227,10.935115261223848,2.5216683895077843,3.5809391003080138
2000-03-29,-27.865864959719275,9.735856554767244,2.6926962200136364,2.9518617034167898
2000-03-30,-28.381130748669435,10.317721589155827,3.0171262045135765,3.016663995594178
2000-03-31,-27.709568288969635,8.779234012840117,4.034427433704492,3.435573928069763
2000-04-01,-29.02443738901608,9.328582453242612,4.204339656836874,2.07283666662358
2000-04-02,-29.53478793647035,9.56381647788681,4.036998674935815,1.1377747317490652
2000-04-03,-30.4025147378767,9.965952248002342,3.853390068103403,1.1932296559133326
2000-04-04,-29.624683223522602,10.450014578791281,3.845752747544661,0.8039430987459741
2000-04-05,-28.281848880030918,11.469440627471531,2.280891462167064,1.5016205227346662
2000-04-06,-30.828205906528545,12.621497667938389,2.6730469663104683,2.061023012778345
2000-04-07,-32.26479115136899,12.473051013811231,3.1355676906808156,0.6297372824382583
2000-04-08,-32.028307979946874,10.975643363098946,1.8185793793514626,2.4189278716796507
2000-04-09,-33.66272087778626,12.125046459904016,2.0971351487659757,4.334603176115525
2000-04-10,-34.25432416609968,12.20566695778046,2.4507156889254555,3.6944546175863446
2000-04-11,-34.63291848801565,11.072641772982326,2.2759118174940913,2.7180514731692376
2000-04-12,-35.00105916821022,11.908605114215302,3.274503557558269,3.135701989188963
2000-04-13,-35.67627165822112,15.061637894140425,1.7353490709670036,4.031531295175286
2000-04-14,-34.03177426086803,14.249054596441653,2.230884635853914,5.606099626197372
2000-04-15,-36.40763226387825,12.576820889876393,2.54867757716659,6.556993558865569
2000-04-16,-36.14180055343358,11.907715486364536,1.7035473518353668,7.172433863049605
2000-04-17,-36.099908365082996,11.190290241575847,0.8160263094889828,5.834785827972459
2000-04-18,-35.55629755209135,11.481860855484491,0.6475958774494118,6.154468208212526
2000-04-19,-36.03842578451295,11.619024911537888,-0.22446702767346527,4.759424935640015
2000-04-20,-34.348530627862964,12.168948701668327,0.22773966348455182,4.269129560922371
2000-04-21,-36.16530789016414,12.89757499730896,0.40128898347406106,5.6632526022928795
2000-04-22,-36.20339806427819,13.648246943359997,0.6121029574353682,5.9411596113128065
2000-04-23,-35.00374930815036,12.881182368393118,0.9304619002164478,4.5586308548704
2000-04-24,-35.25878755471667,11.808221360613329,1.1590671087298177,4.436685333316986
2000-04-25,-36.18004245691036,11.267019608188393,0.8702871644988381,3.977542943514258
2000-04-26,-36.214510543053485,10.280741140009635,0.4409119517104892,6.486334209618331
2000-04-27,-35.76716561236287,10.892306535919156,0.3764720756817954,6.725081216542472
2000-04-28,-36.31855867691471,10.099104950026122,0.869842809156598,6.132762542641406
2000-04-29,-36.0041200391119,9.833539788424005,1.2485988535603414,7.291465149794325
2000-04-30,-34.904633515140084,8.512138185954242,0.4715700842248479,9.050604780408063
2000-05-01,-35.80960297888721,9.096132402311184,0.020524524224498075,7.8277505905375975
2000-05-02,-35.89413372023511,7.2901436870091905,0.61305466603473,7.699158027609551
2000-05-03,-35.69431778888426,6.333760137204976,-0.29569044880908624,8.501800520896278
2000-05-04,-36.46396288268972,8.864604053956342,0.7163010202431511,8.461670496530685
2000-05-05,-36.345739018777785,8.132250537263463,1.615316007560777,8.37830186334284
2000-05-06,-35.79529628124746,7.585502956969039,2.7300102001048416,8.115423595049041
2000-05-07,-34.98591900204411,6.731840584146393,2.84916110062748,8.540267199643107
2000-05-08,-35.904380732253166,6.5360858918300915,4.1576045926977905,6.844841951376839
2000-05-09,-36.842704920528746,5.924092872034937,4.975029890458418,7.529323351068674
2000-05-10,-35.907465750239886,3.8642474237989415,7.091947699472418,6.173193806007993
2000-05-11,-35.86009966591961,4.425203252474713,6.13355912854143,6.210987068521498
2000-05-12,-36.54556222935933,4.006524275623097,6.482657651570192,7.614799669176966
2000-05-13,-34.76243431435573,4.688521451887573,7.936620739111,7.532037597667645
2000-05-14,-34.65704252556326,2.558432448976778,8.058079719267374,7.540194497413754
2000-05-15,-32.96345154845974,3.15083071719517,8.091349364875601,8.030319151010719
2000-05-16,-34.44834527906149,3.4636834273137467,7.3234233645168,8.230810630978139
2000-05-17,-33.050954561204975,3.1316338247989473,5.609081102125633,7.9851218773536745
2000-05-18,-33.79888214106382,3.1184042281823303,4.713251913226013,5.682481183161926
2000-05-19,-32.61616329608868,4.736399771249085,5.410462385897431,5.823570366163642
2000-05-20,-32.053376908529366,4.47017805544363,4.7699016148637945,5.423628208377779
2000-05-21,-33.12763390010159,3.4435297783307868,3.554834492327303,4.111241517621932
2000-05-22,-32.516980474185324,5.410663291384168,4.188948186856317,4.045025268739116
2000-05-23,-32.61910352827709,4.759634789253112,4.659724640367094,4.275952144485543
2000-05-24,-34.32753628419565,4.20311314098021,4.162395057616737,3.327749253115043
2000-05-25,-34.40735653999741,4.850522644053969,2.4003687597353425,2.029465305178851
2000-05-26,-34.93412541613911,5.54373037695851,2.2523012782697154,0.2874044096429942
2000-05-27,-35.19221691815847,6.8534277486142505,1.931263976139202,1.3673475329896925
2000-05-28,-34.87668178851744,6.839093174731801,1.4974062228999563,1.8634133247454032
2000-05-29,-35.61924844758719,7.455559991399526,2.826751883230628,3.135624849130565
2000-05-30,-34.59763932622319,6.704802106419209,3.0616001476462986,3.11450329990476
2000-05-31,-33.76646598204858,7.8569068497182615,3.579848696854449,5.130390283325481
2000-06-01,-34.437297828235884,6.230568608694517,3.9182488293940585,3.811244657846225
2000-06-02,-32.389159850684386,5.331386819933718,3.535009065737747,2.357846589636484
2000-06-03,-31.591490614043934,7.104315144636123,2.0362192432157986,1.7876102617202887
2000-06-04,-31.670189824918108,5.975711513941613,1.5009435027180063,-0.09061268232980968
2000-06-05,-32.81935380675464,6.933967327858437,1.7971856094395104,1.162703072169049
2000-06-06,-30.820721705718466,5.6978944944025995,2.9999631764695343,1.463515927414317
2000-06-07,-31.294287408518716,5.447439099791533,2.9633176983278764,3.260853176102888
2000-06-08,-30.453254761069193,5.535317407385788,4.813114995376103,2.3697103928544063
2000-06-09,-29.73825590517803,3.8749061107857696,5.26182952992548,2.1088300547025707
2000-06-10,-29.694818027191882,3.3535470937309504,3.8426593490599377,3.4484443786773262
2000-06-11,-29.70224638745275,3.9311194082470373,4.503190021562737,3.488330512555031
2000-06-12,-31.995229881804388,3.723546351981652,5.787214374072745,4.246098235531109
2000-06-13,-31.316493805901278,6.025011172503668,6.607300709949797,3.7728658870869474
2000-06-14,-30.714689264980567,6.304244044747707,6.511022047863858,3.554475920134863
2000-06-15,-31.23383091390555,6.191147023679467,4.916507618908608,2.667923190740836
2000-06-16,-30.452737808148644,6.626793901567202,5.463067050524309,4.065142158453687
2000-06-17,-32.1793884485399,8.224538332936469,5.874502286369733,3.6787655195812956
2000-06-18,-31.33366016544664,8.98475023361501,5.677859669220114,2.6040571210791614
2000-06-19,-31.535434275957538,8.137518159439537,5.943282053122661,1.8583492683183023
2000-06-20,-32.26961686145717,8.526522379773777,5.603230883373472,2.1969863860823
2000-06-21,-30.75243795278929,10.359259113005612,5.112586562920706,1.758295772232655
2000-06-22,-30.640249756737795,10.076675834412518,3.0236183596593995,2.2044834935286
2000-06-23,-31.050608495215506,9.729086941950134,3.85190607913549,1.7304813818076472
2000-06-24,-31.035510354394503,7.005298669121284,2.993184695120032,1.4698275163925987
2000-06-25,-29.855385951005115,7.17929392541333,3.7334499952273665,2.5702852146261876
2000-06-26,-27.477443261579516,7.25993971211531,2.056673818993858,2.1553228303011442
2000-06-27,-29.253015324868866,7.276472970951138,1.741508592682778,2.629146803759588
2000-06-28,-28.692046976578283,9.957073397944885,2.8754924308560055,2.4917790192533253
2000-06-29,-29.532721482173052,12.132863105185127,0.6452728735842546,1.8087564745072713
2000-06-30,-27.341509039050436,11.750012067209273,0.7429809666624454,-1.088603312581191
2000-07-01,-27.770898582047977,11.761437911401334,0.014006185659508064,-1.0278389752902308
2000-07-02,-27.656625498206967,11.806533551307725,0.33008464857188274,0.21795606344170193
2000-07-03,-28.10581729680643,12.435883624678377,0.4007815646620732,-1.5156027957148763
2000-07-04,-28.623240545615783,12.146345976924133,-0.7247150207418218,-1.427127521666422
2000-07-05,-26.830405005404327,11.008544209209667,-0.4023297123940973,-1.7430341078111267
2000-07-06,-28.36265773675303,10.139810817788243,-0.9566318273391312,-3.3406533320315708
2000-07-07,-29.69250963183374,9.952921991626205,0.8586810523020518,-4.915679162549166
2000-07-08,-30.555219040804616,9.148655245874217,1.2312357106975527,-7.274020187484453
2000-07-09,-31.354365720653323,8.735753891413147,1.0799971540154547,-6.4253157627220086
2000-07-10,-31.919051075937773,8.974294431259377,0.8990710714692864,-5.744870878449064
2000-07-11,-32.02868082920562,8.80773821504126,-0.2977347206255443,-4.588117735206279
2000-07-12,-31.38881479973404,8.396336313925396,0.4140983514873765,-4.922617608883822
2000-07-13,-31.721516412755985,8.120131847838074,-0.6289832275120878,-5.032883773128754
2000-07-14,-31.778718327813653,8.749745250407871,-1.305854308899307,-5.129784315363274
2000-07-15,-31.43623801955608,9.290179775398574,-2.158526723847875,-6.197429640572184
2000-07-16,-31.573728443689077,10.299491957302235,-0.6352064512028925,-7.333965224008
2000-07-17,-30.909601505633404,9.037597721086584,-3.597808966817853,-8.8028883127614
2000-07-18,-29.5644304151031,10.081461867801234,-4.332362961216678,-8.766043923517431
2000-07-19,-29.553057765098295,12.013620672839869,-4.4477093626221675,-7.628158874908398
2000-07-20,-28.43195023385986,11.177233708177951,-4.007469613300796,-6.020837118674842
2000-07-21,-27.833312260558213,9.651690582966141,-4.957387407263791,-6.377128574752404
2000-07-22,-27.348071598403966,9.256376912605644,-4.420614370363008,-6.136291742169789
2000-07-23,-28.327502421239085,10.42074384582847,-4.232269650176144,-6.13935316232061
2000-07-24,-28.086278801247087,10.577750706245435,-2.7896084136827892,-6.987266088030309
2000-07-25,-28.571419735906353,10.326877169773788,-3.4501169557431184,-5.302969653256795
2000-07-26,-29.01972712784362,12.123709522090554,-4.045985954689339,-3.838211491955299
2000-07-27,-28.982555465177015,12.466529982514311,-2.937119913150415,-6.549157173537491
2000-07-28,-29.05528803104196,12.205073690507604,-6.493566589486238,-6.492003808859317
2000-07-29,-29.166384088474004,11.675143804011658,-7.197824705011205,-5.350996155397779
2000-07-30,-29.918960308696214,10.409549806718482,-6.61764815884752,-4.247646428839526
2000-07-31,-28.593435882471884,8.820648172875698,-7.345571823919116,-5.092388201257472
2000-08-01,-28.423875973231507,7.4399423404982725,-7.628217640254579,-5.202144051715568
2000-08-02,-28.018104367371247,7.207920462000525,-6.988009160086529,-5.562934108169606
2000-08-03,-28.47319003383992,6.467159275052019,-8.92767067075606,-5.133156674548087
2000-08-04,-28.923716455394032,8.121035051494172,-6.813193091987907,-5.595347666058373
2000-08-05,-28.915715035427745,7.782147893985904,-7.675878508427074,-7.596164600203831
2000-08-06,-28.638060324012145,7.810693243819611,-7.783078087673625,-8.811618239930462
2000-08-07,-28.467107862918866,7.887857713321026,-8.33289345142251,-7.787885585367492
2000-08-08,-29.972044903678025,7.051680935403436,-9.472755603359083,-7.475412023173928
2000-08-09,-30.389700576520934,8.64748579012008,-10.061874797639836,-7.362317129319166
2000-08-10,-31.255259972903097,8.56041099923862,-9.03964811788897,-6.372893293991416
2000-08-11,-33.36299197454707,8.699969077726738,-7.733919668737593,-4.979837688665248
2000-08-12,-32.59763147756403,8.337409815295251,-8.550199690350555,-3.440717486311504
2000-08-13,-32.115811768394835,8.532252898448728,-8.310850562653496,-2.9053799099824924
2000-08-14,-31.816102770698418,8.420958481478516,-7.500865927645039,-3.7424265647921002
2000-08-15,-33.788392900656746,7.405632357550753,-8.07436250753662,-4.175179174458813
2000-08-16,-34.20286389727496,7.735692746502473,-8.270319409423497,-2.4432317278191964
2000-08-17,-33.630379703125655,7.03805243680666,-9.050151532749117,-3.7226608649200763
2000-08-18,-35.02444036260514,6.356522334555153,-10.672865331638137,-3.2666699665423864
2000-08-19,-35.938543352141174,7.645926326687139,-10.715992571220065,-2.3378913193211033
2000-08-20,-37.41069847239098,8.032720788104664,-11.303113624838387,-2.864804129573742
2000-08-21,-37.620879099203705,8.558958807882004,-12.095290080160236,-2.1131125742329018
2000-08-22,-38.045728296642004,7.6365426051503595,-11.621747894453831,-3.5148537810237404
2000-08-23,-36.048084029658895,7.401719060215906,-11.555848673867679,-3.8880168850967975
2000-08-24,-37.16963040280383,7.0948810050016755,-10.163152493157448,-3.1155314481138525
2000-08-25,-37.796536386752145,7.804719747945947,-9.608735105829084,-4.439317746924787
2000-08-26,-38.10861136197038,7.30364107299421,-10.018713448469926,-5.098440126186563
2000-08-27,-38.60624167181673,8.090166459460976,-9.415687706755229,-5.42967151794582
2000-08-28,-38.40842347582588,7.2508626345985645,-9.163503056937607,-5.393854054879119
2000-08-29,-40.426790185661325,7.350439537101515,-9.27751875041708,-6.774589090442958
2000-08-30,-41.36246964368297,6.376375491450092,-9.114346811728845,-6.479415996822362
2000-08-31,-40.70439283229447,5.522833790767956,-9.706131429891899,-5.303765913423597
2000-09-01,-42.6595105512715,6.352072445296937,-9.609399936180413,-6.067859344672663
2000-09-02,-42.08489786952406,7.6745748654617625,-8.958001828557924,-6.58596049449779
2000-09-03,-41.36891733018397,6.8782618128004245,-8.653785925786831,-8.467526653168845
2000-09-04,-39.516521689281156,7.636074601039641,-7.612217105255394,-9.366950371754402
2000-09-05,-39.452261283741,6.525008323593674,-7.45723066773042,-9.019796096842036
2000-09-06,-38.68826214159084,6.714498377997328,-5.999198100389924,-10.13637840337793
2000-09-07,-38.658149336147154,5.642802634604143,-6.298237645974634,-8.992380114151008
2000-09-08,-38.65768766840918,5.132017376371561,-6.466115248689953,-8.693188460389836
2000-09-09,-38.60057052959333,7.055462062418069,-7.791337273479318,-9.461012516647333
2000-09-10,-39.439624713045845,5.446564735763667,-6.764097057993867,-9.227003119364134
2000-09-11,-39.743370917131514,7.8865209047901015,-6.553324276641349,-9.39269971795309
2000-09-12,-38.3957411564306,8.138613454143412,-5.782894275552873,-10.48090058691056
2000-09-13,-39.37069891932151,7.969517330606646,-7.935065957072399,-11.861712796907481
2000-09-14,-39.612590311792225,7.9490073333415765,-6.719799047780323,-11.015614062087446
2000-09-15,-40.474585706826765,8.292528208739181,-7.305894012343633,-10.077129255316985
2000-09-16,-41.44926974898345,9.13348845219755,-5.850935830838315,-8.442326029356554
2000-09-17,-40.00152254103361,9.989557691762375,-5.030986089227659,-9.250754585045415
2000-09-18,-38.230023553950545,10.80527921517457,-4.7162421397923024,-6.711376544635247
2000-09-19,-37.68911302328735,11.665605956093064,-2.849156335357859,-8.638062766065037
2000-09-20,-37.953862931285386,11.057717376352437,-2.82448452109123,-8.559558146986452
2000-09-21,-38.75894186222753,9.032266514007844,-3.140950756625916,-8.233454110079197
2000-09-22,-37.93292681746841,7.836080578353064,-2.7256667313946,-10.041484142428102
2000-09-23,-38.05576535753533,7.274709364246812,-2.3648215800849712,-8.0163681274421
2000-09-24,-38.64111751106671,7.64483981391019,-0.240379941761514,-7.591811980577913
2000-09-25,-39.2749850168285,8.567406853089834,1.0700904936840083,-8.840527384978088
2000-09-26,-38.390228607070384,8.97769509984352,-1.857794832710363,-8.535481161096614
2000-09-27,-37.4402513709178,8.613379302539743,-0.6598369917115539,-7.391799560800625
2000-09-28,-37.07158054033305,6.781550496357019,0.3424421531613784,-8.547927867923518
2000-09-29,-36.637608812701245,5.0271289001691555,-0.8111364451713428,-9.144659960155916
2000-09-30,-36.69972312521484,4.819171985669451,-2.532097307630036,-8.415226793504935
2000-10-01,-34.36512140129831,4.8384975909470755,-2.8086629124462594,-7.224993713817906
2000-10-02,-34.50260175169733,5.23919230491732,-3.5687292894299008,-8.937639814143562
2000-10-03,-35.680475007199036,5.816794768370214,-1.9323663165153784,-9.34851294662234
2000-10-04,-35.34854596273174,5.2906988437293645,-1.8016995932809567,-8.665753765574625
2000-10-05,-34.71607587862014,5.517436208508578,-2.373362097931605,-10.510390485615499
2000-10-06,-34.36131367374167,4.806935663419556,-0.8991624394964501,-11.355796772326078
2000-10-07,-35.70581982291748,3.1143900260469946,-1.020866836053292,-10.43189855750447
2000-10-08,-34.879474161453345,3.63360866111678,-1.9543730158349155,-10.892552350288645
2000-10-09,-35.53824836212177,5.745421264517518,-1.5436191580737113,-9.208735421326201
2000-10-10,-35.45276371015168,6.998145342364578,-1.3521348797676929,-10.794665887235748
2000-10-11,-35.6037987665001,5.967490017978848,-1.7125357906955725,-11.554903770360124
2000-10-12,-36.43181713608214,5.088920261489036,-0.9684937671174784,-11.147622980867132
2000-10-13,-35.41847483752204,6.47148100954837,-1.6089928487838399,-11.051172940477601
2000-10-14,-34.473910360782135,7.997480682451125,-3.515882526599163,-11.249835252864923
2000-10-15,-34.708849820378845,7.84114164997676,-4.51960985373031,-10.933877322417237
2000-10-16,-34.26144127673168,7.5881473148004135,-4.5246466656633295,-9.371645861090078
2000-10-17,-34.53877640074301,6.515134508084919,-2.7087176290205335,-7.826062848414363
2000-10-18,-33.94763355293526,6.250415766144788,-1.5793928448254748,-8.487302418435998
2000-10-19,-33.13173793700443,6.650027877069562,-1.9918744817580178,-8.439841074008717
2000-10-20,-31.622621804776347,6.514719758131869,-1.3032289003462871,-7.9189220482061415
2000-10-21,-30.953966944216663,6.383461392521563,-0.6019699102899713,-8.69624864918806
2000-10-22,-30.36886658765502,6.771667740104525,1.3255648724821052,-8.793403013514634
2000-10-23,-30.557454764457813,7.988116933335037,0.2087779979153812,-9.524390778947005
2000-10-24,-29.974821305042937,6.985233599327817,0.016078621969998708,-9.945683706121189
2000-10-25,-29.01513277320903,7.212375277330863,-0.6572998017733511,-11.613597936105283
2000-10-26,-28.96081022475501,7.13594090121957,-2.04105944350773,-9.94987973805651
2000-10-27,-29.03915636810198,8.14333339575511,-2.0023434583615187,-10.989381524645161
2000-10-28,-29.049971488809284,9.369974253421747,-4.478143186788307,-9.161498386284567
2000-10-29,-28.40550641688536,8.780635631892208,-4.326157643478196,-9.538277258043667
2000-10-30,-27.86611884224254,8.800010495529959,-4.30730224918809,-9.771073467855487
2000-10-31,-29.0421050170153,9.654778829823407,-2.95297091029921,-9.2916729688102
2000-11-01,-28.787099370601968,7.959751425870913,-5.210403948661135,-8.701779719704655
2000-11-02,-30.52628378895769,8.251298937823357,-6.811345821599559,-9.45226919914615
2000-11-03,-31.925649870245394,9.262347628298958,-6.806260089436918,-10.680113246356976
2000-11-04,-32.19156148361845,9.403156524327024,-7.846271357797228,-11.424812744246017
2000-11-05,-30.813762244259124,8.61271519752902,-7.513583124361688,-12.344245943074322
2000-11-06,-32.06137448869775,8.704227517568444,-9.324089632799286,-13.49254746192647
2000-11-07,-31.674442120075835,9.952805103729109,-8.209295802223131,-13.219863531245691
2000-11-08,-33.08788613520342,10.536890027727361,-9.73587541730351,-10.076139598054162
2000-11-09,-29.837590385789504,12.423794340819192,-10.987383330798105,-10.633497586832748
2000-11-10,-30.019667731190793,12.503034530041573,-10.390757286439243,-9.949360500427677
2000-11-11,-28.88048556642623,13.911813954330283,-9.937784334535252,-8.445651061410434
2000-11-12,-29.124928514319862,13.549123495904624,-8.918543827155315,-9.6401381323777
2000-11-13,-28.228088912246385,13.237296631715665,-8.478107401701699,-9.54226375616753
2000-11-14,-28.56358445050927,14.605420452959669,-7.960550505941429,-7.964233483808509
2000-11-15,-28.715517379411754,13.741143102612961,-8.423244420961826,-8.979978851723102
2000-11-16,-28.184712704348467,14.9849321256073,-9.30193520874868,-9.294928204558106
2000-11-17,-29.259344379991116,16.160201353859968,-6.878445272127406,-10.484682865096149
2000-11-18,-28.914661386606817,16.870228340727422,-6.6788412760606155,-9.741971468224072
2000-11-19,-29.058108032906937,17.91458531444433,-6.0402734819108606,-9.695090802006659
2000-11-20,-30.422115606397885,17.318056968677638,-6.6150580815931015,-9.489244458300808
2000-11-21,-31.56087885596033,16.23713377918925,-7.7229348814761085,-8.67751913667671
2000-11-22,-31.774630062412008,17.166206970299495,-6.64166334366394,-9.170769231290635
2000-11-23,-31.165816398748614,17.659479436719487,-7.715776962897154,-7.392793470160523
2000-11-24,-28.520303336310164,16.71067365889346,-6.157768722868333,-6.173855729306334
2000-11-25,-28.620432712182975,15.613864229417922,-7.4714671606745195,-7.77596409189438
2000-11-26,-28.330698970620283,15.728632785670536,-8.067323688314266,-8.446115434552627
2000-11-27,-28.409629618702205,14.941042960049499,-8.42655365334534,-6.616720904120667
2000-11-28,-29.698998769717942,15.604529682456052,-7.536176529917675,-8.176910869056378
2000-11-29,-28.966651930408656,17.778784639520453,-9.484169340519502,-9.713833562146856
2000-11-30,-28.916960030254508,18.832886629548415,-10.005895377243576,-10.25344042083661
2000-12-01,-30.485372983024554,19.193558094505015,-11.4043157936335,-9.811639602175628
2000-12-02,-30.06215950564109,18.608198926719812,-11.259645069671366,-9.136139573531231
2000-12-03,-30.13541514651644,17.76063529371971,-10.169931973895775,-9.925000668160783
2000-12-04,-31.248390185291218,16.971231443374144,-7.946935609372382,-9.051777885553808
2000-12-05,-32.022360680192115,18.158009827007607,-7.765791117564728,-9.355987867580241
2000-12-06,-32.60447691251631,17.203121821654225,-8.138120074050102,-8.78931785876874
2000-12-07,-33.62551869646229,15.53647608401879,-8.40608039869044,-8.88124686407837
2000-12-08,-33.447649772400375,14.954418989531707,-9.056788492006056,-8.392269479021833
2000-12-09,-33.630026222978444,14.164717715999359,-7.60764501663108,-10.378129379304887
2000-12-10,-34.61255593353364,14.129410565468444,-8.18708310019926,-11.558140210177175
2000-12-11,-35.04836536567129,17.869517902066214,-8.402331961745803,-11.802801407119047
2000-12-12,-35.95454028120753,17.582863190076857,-8.675417370762398,-13.462397263761966
2000-12-13,-37.459970641268505,17.477093709362894,-8.634038625725172,-12.697445002057378
2000-12-14,-38.63382053224419,16.13901812258791,-9.179652774479674,-12.484533769740148
2000-12-15,-38.2848687288561,15.178776422303457,-9.093775601147062,-12.911529459028618
2000-12-16,-40.435690669452896,14.611490185978733,-11.455654858762538,-13.51143843163761
2000-12-17,-41.029373540896344,14.51913430925508,-11.445078715106606,-14.427582732563351
2000-12-18,-40.167914809916546,14.181538952806653,-12.455464946087172,-15.370158205749675
2000-12-19,-40.08443623507205,14.833259195117021,-12.848588771728195,-15.009147154804605
2000-12-20,-39.442778674620975,15.079915332643486,-12.83066302428747,-14.487217142173579
2000-12-21,-38.347652927593444,15.15319609323972,-12.827366604508267,-13.54382009239519
2000-12-22,-37.70088694919553,14.666503204241915,-13.727806807617323,-15.353490586897315
2000-12-23,-38.784814540108194,16.91303005895917,-16.24242503482437,-15.660213045090707
2000-12-24,-36.24401352531898,18.07759776913394,-16.972087425510306,-16.62012776904172
2000-12-25,-35.44551724811337,18.521048887317633,-17.572357669642297,-15.470724977499648
2000-12-26,-34.49708877054475,18.69874301242657,-17.939309350151674,-16.14294322839181
2000-12-27,-33.23284947833587,16.837146890787107,-18.73385101653633,-15.97914090149344
2000-12-28,-34.388209255588215,15.426485103426314,-17.6647029515506,-15.592316124687827
2000-12-29,-33.81128461254111,15.04910399722393,-17.722457258090433,-15.064222829402745
2000-12-30,-34.13077790457926,15.501690719315956,-16.603988639569582,-12.649427491277773
2000-12-31,-33.76237851431727,15.317117851389403,-16.913320516819628,-12.539280308452888
2001-01-01,-31.659945859841645,16.59535452499638,-17.077779834503993,-12.503208177227847
2001-01-02,-32.22318725936885,18.37284292762288,-17.70683770591549,-13.85240178874298
2001-01-03,-32.8657185096279,20.495616388263116,-16.853368665411608,-13.502775507088062
2001-01-04,-32.40505086770999,19.314800098439537,-17.328701145212655,-12.022641303304502
2001-01-05,-32.362625809011604,19.238686523058814,-15.88180991644583,-11.868871824227083
2001-01-06,-33.01185168960649,18.561976486153576,-14.666032279006087,-11.486747241305572
2001-01-07,-35.09199204099673,19.221792374051,-15.48119116173197,-12.599400509800503
2001-01-08,-35.56640198729966,20.11200634774683,-15.610577912618389,-12.778367554520916
2001-01-09,-36.128729147287466,19.657405608957145,-15.612780733391528,-14.738908026067469
2001-01-10,-38.672689752060556,18.917436284515496,-15.480251732962408,-15.129072097548162
2001-01-11,-38.32699291610317,19.213327879384018,-14.595817885343092,-14.07512656119072
2001-01-12,-37.87129841270798,17.997080997211288,-13.89903646847407,-14.745008010849755
2001-01-13,-38.32365246500756,18.454881201379763,-13.144732185592687,-14.458822164302417
2001-01-14,-38.27604724426774,18.78889440586574,-13.883381056115834,-15.123373673671543
2001-01-15,-38.97147354761993,19.316303326850225,-13.050075855623689,-16.242322572850547
2001-01-16,-40.119040184809265,19.3192932901088,-12.889716491884046,-16.317925497611576
2001-01-17,-41.1237259932149,20.999404225640177,-14.256413119872684,-15.47955632024642
2001-01-18,-39.805561806152525,22.169858740992346,-13.170922711425199,-17.8111795063671
2001-01-19,-38.9844773226338,21.43768956073759,-13.729302229394037,-17.588063509804623
2001-01-20,-39.41238754702189,22.52299348320622,-13.464128068865271,-17.080610777512867
2001-01-21,-41.00462198276887,21.643633472360516,-13.768656367700713,-18.89634505652736
2001-01-22,-41.12608873772538,23.76102423433908,-15.288409516738039,-19.158402565593605
2001-01-23,-42.514991791867814,25.278194845235284,-13.54462689077026,-21.401110948201875
2001-01-24,-41.592969928414,24.939418032865156,-10.770430504429223,-19.599312341817328
2001-01-25,-40.90227365953332,25.721188027303118,-11.812903653775571,-19.502607382640708
2001-01-26,-40.68001640386786,25.43790875039947,-11.248452765495221,-21.598546116665265
2001-01-27,-40.91359560104381,25.65203529382366,-11.228579878104293,-22.300204779949944
2001-01-28,-40.287749577613475,24.553107949703204,-9.935301104728735,-22.729771734047226
2001-01-29,-42.06278273750596,24.70493487543748,-11.535198901311553,-22.543329578836012
2001-01-30,-41.7398780174636,25.020058944874158,-10.770659987064544,-22.01954694620333
2001-01-31,-42.36408495453531,24.655019231678267,-11.767773431052412,-23.457899437261876
2001-02-01,-41.610935164332496,24.047410042288202,-12.644869751451287,-24.666857923024956
2001-02-02,-40.30018390407935,23.667618743955025,-12.725321629452678,-23.19240970691257
2001-02-03,-40.40622000468713,23.55266768326674,-12.27968789134447,-23.823005457021107
2001-02-04,-40.11338919937993,23.705426690323122,-13.089852705829921,-22.51608984188852
2001-02-05,-40.98040636462353,23.116542246101503,-11.824656284683028,-21.785585097889243
2001-02-06,-39.717804221839124,23.242199744785072,-14.059203354103058,-21.225444107281934
2001-02-07,-41.22202614219666,25.018417107951358,-14.623652881232589,-21.698546716207336
2001-02-08,-40.602851592147765,24.06968951571841,-12.507512690384484,-22.60877444690752
2001-02-09,-40.71731935540905,23.36222537338407,-14.331217955083122,-22.609874192893837
2001-02-10,-42.433004019672836,23.19768909449563,-12.200830939967798,-25.687612848242832
2001-02-11,-40.733978515450154,22.923538973596497,-13.303632251547297,-27.424610319174413
2001-02-12,-40.8272536921389,22.530056255075632,-11.961764815557258,-26.94090686587321
2001-02-13,-40.33057155074563,24.588726668036912,-13.340028435169566,-27.023683976158587
2001-02-14,-39.799139635753654,25.22394018034846,-14.670328284268704,-27.20733143623656
2001-02-15,-38.98934283426779,26.151790560472044,-14.451762377129956,-27.333778308701493
2001-02-16,-38.95835947646228,26.94098486121348,-14.407792046914523,-28.163396108567778
2001-02-17,-37.9950148970657,27.358887105195315,-13.909749181087085,-27.73772908824225
2001-02-18,-37.565136521110794,26.807198067169832,-13.919997003322898,-28.516793726951953
2001-02-19,-36.41659335919402,27.020852719574794,-13.400768518914163,-29.087041773144747
2001-02-20,-35.49867158105455,27.272283560720012,-13.944457629704576,-27.90596804711343
2001-02-21,-35.860421429245484,27.74613085885571,-15.264982232457626,-28.972716264089808
2001-02-22,-36.93809789913998,27.954370015738093,-15.077779419225301,-30.094797450132553
2001-02-23,-39.59644842226963,28.562585746602764,-14.22457690715126,-30.394129214204757
2001-02-24,-40.04142990444619,29.020900804390834,-12.631649191538937,-29.888521371879406
2001-02-25,-39.63858904764385,29.88017418699923,-13.991340731483996,-30.988345398835087
2001-02-26,-38.6109520599567,30.27456688387695,-14.035959307623598,-31.738148520548844
2001-02-27,-37.57345117310882,30.971583909047865,-13.338056780092288,-30.669173615915973
2001-02-28,-36.940972192198565,29.88454242279232,-13.249451494614366,-30.44582240654145
2001-03-01,-37.02144198989114,31.296954663927128,-13.298990439772407,-29.673193288141977
2001-03-02,-36.17917123256972,30.050623584543096,-12.981587286357744,-29.023015459147235
2001-03-03,-36.40945439891266,29.121495885143585,-14.236085936396595,-29.371740687157043
2001-03-04,-36.559804985297966,28.422358892798215,-13.978559996569215,-29.286903135764888
2001-03-05,-37.14824522810591,29.64093469513359,-14.451235616661116,-30.167616265657326
2001-03-06,-36.97233643166112,30.431133841778838,-14.99667553087147,-29.115998625506595
2001-03-07,-36.96987769773093,30.417373978572286,-13.036414476974047,-29.28074065044264
2001-03-08,-35.12688582362888,30.04493612275955,-14.639690259780014,-30.611002337383287
2001-03-09,-33.75430808366757,27.60641056003343,-14.592054686600235,-31.39526195183922
2001-03-10,-32.14574944840266,29.103738374748453,-16.217075358899553,-33.326606747467295
2001-03-11,-32.17166522953519,26.304029990591367,-17.40952357672143,-34.01025486916099
2001-03-12,-32.04082730648163,26.993644160876514,-19.993175970334594,-32.65775390968712
2001-03-13,-31.402604486101893,26.700890911385503,-19.139611561313064,-31.94509474274188
2001-03-14,-30.549385469216695,27.671661094510913,-20.554393421868166,-31.476098445828168
2001-03-15,-29.776445975954548,29.324817812605893,-20.846698916277017,-30.14296839445166
2001-03-16,-30.81265643592034,29.27935821745623,-21.221010434400906,-28.460825690173067
2001-03-17,-29.380205771732097,30.320693142958955,-20.50965271367994,-29.508035108706977
2001-03-18,-29.148466360207927,31.78685107016729,-20.681168060373146,-28.581225179007617
2001-03-19,-29.766907615156363,31.65602742448333,-19.085232127689995,-28.246806375093367
2001-03-20,-30.740999980650365,31.40213553343715,-19.371575913358868,-27.758477793625435
2001-03-21,-32.67779739501585,31.215460336041208,-18.314904802033716,-28.38809047949899
2001-03-22,-32.72452451977121,29.013117592568843,-17.61496469436077,-27.662581119213453
2001-03-23,-32.72856871172224,30.987891527021315,-16.430463805429856,-27.01567627529687
2001-03-24,-31.85377835311567,30.041492700498605,-16.92779846210528,-28.05391871963836
2001-03-25,-32.00066594037103,29.895486411913154,-17.067137600836116,-26.330507704527996
2001-03-26,-33.13285982997931,29.97710749324773,-15.832328680270109,-25.385405944693233
2001-03-27,-33.95297316920272,29.646129192860155,-14.782296423835852,-25.31365714016443
2001-03-28,-32.45604911282166,29.709704575536826,-13.774475471190147,-24.862399469869985
2001-03-29,-31.346023726065823,28.64961391171994,-13.410283554623428,-23.49849232850599
2001-03-30,-31.58101305686777,28.976626645181177,-12.983920481779077,-25.111953443108096
2001-03-31,-30.513228929446502,28.422296951223867,-13.379826756621402,-25.593196510133083
2001-04-01,-31.32712829151647,28.59069225120288,-10.815023991104946,-25.290369087381688
2001-04-02,-30.96377409580696,29.58300364847696,-11.843314923979714,-24.155522721614254
2001-04-03,-30.90455783691486,28.47476747745141,-12.045228000290132,-25.535275268382758
2001-04-04,-31.984176233938637,26.44735029905494,-11.651393874057542,-24.760709524325105
2001-04-05,-32.35912062556105,27.32747334475725,-12.246685952805029,-27.115531451462655
2001-04-06,-32.17739549979222,28.460749803947248,-12.582230889535829,-27.905909379082207
2001-04-07,-31.97252710674177,27.778335307400855,-11.82095228641267,-28.11880513028077
2001-04-08,-31.609331949514637,28.068586344977238,-10.520942557775378,-26.970783929269455
2001-04-09,-30.171252339748182,27.596207827162015,-9.718586644106656,-28.162512124964767
2001-04-10,-31.46100370064641,27.159002478079632,-10.136763477492444,-24.910312776415502
2001-04-11,-32.774534837050986,27.618930140370875,-10.178864413780955,-23.735045770184755
2001-04-12,-32.298705210410034,27.764074966673057,-11.769911296969848,-24.592312240836886
2001-04-13,-33.09112177229818,26.46400563840465,-10.137264115279722,-24.458601876281577
2001-04-14,-34.12768848159215,24.782573790185776,-11.256708650068836,-25.82808042784353
2001-04-15,-33.91424490017892,25.08409640481187,-11.574651212100086,-26.062511040072387
2001-04-16,-34.497486720360676,25.225334660830995,-11.123844960902634,-26.14609716687021
2001-04-17,-36.36544205341378,24.578064510990007,-11.195592198772658,-25.146061559264176
2001-04-18,-36.74048760594986,25.663838218295123,-11.479049814660886,-24.165980271252398
2001-04-19,-36.30871821406784,28.26924060072735,-11.053050836307833,-23.647142005382115
2001-04-20,-36.84328413296204,28.925082230074835,-11.771501630258308,-24.003000791585688
2001-04-21,-36.30619769571041,28.04562279199209,-10.471137189911975,-24.5097090510375
2001-04-22,-34.48401849141199,27.74818716398688,-10.144707020896563,-24.36388292931257
2001-04-23,-34.91941318017076,26.42843016651191,-10.349890820148335,-23.542430225213558
2001-04-24,-36.222884080522476,24.87067187904812,-10.256184067202629,-23.91161500297932
2001-04-25,-37.15545527088869,24.60777524006824,-9.983748789442972,-23.555127113076257
2001-04-26,-38.54915225104489,23.944345100239275,-10.661986706338316,-23.16412012566471
2001-04-27,-37.412612890672634,23.989183782690553,-10.534423431560258,-24.214051512038388
2001-04-28,-40.63520395481376,24.902443746167428,-9.304288421542243,-24.584161784756002
2001-04-29,-41.95578234266048,25.769469518196757,-9.354821906606867,-24.070058834981715
2001-04-30,-41.147037207491415,23.76279018199808,-9.295726497343512,-24.372988738424205
2001-05-01,-40.47838440187796,25.68607589837157,-9.44566222082191,-23.895587324085497
2001-05-02,-39.77722548153599,25.19434569664424,-10.781167954766914,-23.83128580102624
2001-05-03,-39.10049369093477,25.9136257799899,-10.071505990461034,-24.50509596785171
2001-05-04,-38.7889905990035,25.989086655605764,-10.248634800134047,-25.40563076312162
2001-05-05,-38.96819982121473,27.33175075354813,-9.255873021556425,-25.272596735314977
2001-05-06,-38.99734624249657,26.837636836180256,-8.969869611313667,-22.1561461628795
2001-05-07,-36.92490153269448,27.060351255009643,-7.401390789605692,-23.140268064929167
2001-05-08,-33.738977238565475,26.12274644346041,-7.693965853955959,-23.8000845775623
2001-05-09,-33.01458782486338,25.944380576209912,-6.1799520658539455,-23.81283871895039
2001-05-10,-33.2663114621841,27.104223750112197,-3.539959217531397,-25.068115031868448
2001-05-11,-33.496817709519604,28.147028733094054,-3.2151909981289886,-24.178699530658125
2001-05-12,-33.240785382956226,27.622504908407144,-4.295309798229724,-25.31869307721357
2001-05-13,-31.498906107358607,29.199908274334156,-3.676904084041543,-23.98329856380753
2001-05-14,-32.10490622831779,28.856413868740947,-2.144337685605353,-24.439170012716236
2001-05-15,-29.846195669904112,28.027876016898993,-3.0042037118949887,-24.00198990233689
2001-05-16,-29.106404078757535,27.793736694521137,-2.196028270283362,-22.44433795218895
2001-05-17,-28.207871784906427,27.943898060813915,-2.436300456534725,-22.8564102986507
2001-05-18,-28.070382014600526,28.73762373789947,-2.621359149046466,-22.442766019278782
2001-05-19,-28.748212561479914,28.513565076114627,-1.3324744944879279,-24.191049399593208
2001-05-20,-28.128101196728654,29.14618109216811,-1.281775620614244,-24.59707924326713
2001-05-21,-28.28161036535287,29.43860082561159,-0.36363504671144553,-25.421567764864434
2001-05-22,-27.90951295545908,29.81525018790367,0.9854035400271559,-23.975634315476302
2001-05-23,-28.52869250757051,29.198177299299136,1.358744455262339,-23.61681989528176
2001-05-24,-28.37146273664145,28.897675204847445,2.5927112678749022,-22.865157906106592
2001-05-25,-27.758166393068898,27.799319823884176,1.7615986074472585,-22.76223459080949
2001-05-26,-27.496259034087544,27.83466232229249,2.965544067784279,-23.935270224063697
2001-05-27,-28.278712338016184,26.442621362739025,3.5362729043503016,-23.83091965584286
2001-05-28,-28.2204551972831,26.07785469879559,3.310292259663977,-22.294325273026693
2001-05-29,-29.98863781494802,26.791797907586744,3.416033171261792,-21.526883239606185
2001-05-30,-28.725586928619677,27.179466234975315,3.192848485517436,-22.70261662723043
2001-05-31,-30.11199861768317,27.418366590852973,2.487576354106262,-21.602865843863043
2001-06-01,-30.07052611070316,26.772360286939932,0.7871440905900526,-22.86377055072326
2001-06-02,-30.770515737237417,26.018009211800592,1.021909250802481,-22.4060076887653
2001-06-03,-29.786690185097076,24.90683482546161,0.4115021669247322,-20.25835376450772
2001-06-04,-30.035611044312724,24.457131354644122,0.967275668959228,-21.36459634212803
2001-06-05,-30.926902383313273,24.4079721418697,0.4896973223986008,-20.79609381726054
2001-06-06,-29.855321375761363,25.434704187474342,0.7083662728457594,-20.982165277355605
2001-06-07,-29.752415645323214,26.951336117591328,-0.06987511427617366,-22.00663180574291
2001-06-08,-29.944150776238402,26.789063262854448,0.14574531218430245,-20.344361730630556
2001-06-09,-29.288866369834647,28.429011780136808,-0.21900467952088762,-22.888837759720545
2001-06-10,-29.857889435569877,28.55539242215731,0.16705488122198556,-21.235033130867123
2001-06-11,-31.152247778145902,26.590465651083562,-1.111830111162605,-20.831373814511142
2001-06-12,-29.737168692585286,26.697945305511006,-1.6825681140598499,-19.915270508865635
2001-06-13,-29.375333140262633,26.700099776701425,-1.5633967866642817,-20.11196631313135
2001-06-14,-28.209145656631907,26.920747078573108,-2.176935283678782,-21.018979687857115
2001-06-15,-26.67582043562191,27.100810461016483,-0.5483023032614198,-20.566635344667056
2001-06-16,-26.229736902828652,27.504256987839714,-0.8574372408161841,-21.005349037349948
2001-06-17,-25.38121588159175,28.63682679396454,-0.08365651892565285,-21.090778373161374
2001-06-18,-24.605981737362754,28.48430082001272,0.47226918577078403,-22.98985281723479
2001-06-19,-23.0308104972546,26.884684449810063,0.9746185798282423,-23.94877282448036
2001-06-20,-23.090992224955446,27.344047206852004,2.312803131121007,-24.303197146652735
2001-06-21,-21.821499960325287,26.974226603572795,1.1146015573872539,-23.39689355675386
2001-06-22,-21.468638799051035,28.168476502422827,1.9879253498803298,-22.46662746791195
2001-06-23,-20.094720585198004,26.989149624001076,2.3836249923744948,-23.663225539538445
2001-06-24,-19.885488752307268,27.245729049195855,0.9259332771647464,-23.853395023170915
2001-06-25,-21.85766647167127,26.199841360281578,0.9997263736139488,-24.12285057638611
2001-06-26,-21.264985116756407,24.866482158302865,0.7603521321457409,-24.667195018316303
2001-06-27,-22.351466136746254,22.701325291454243,1.2914989759499491,-24.645621817627166
2001-06-28,-22.9002272938677,22.321944285167955,1.4783320274869975,-24.45874998455836
2001-06-29,-23.723099488853915,20.268830640466454,0.6089202740558903,-23.547930409144723
2001-06-30,-24.064286338933243,18.876136529805827,1.201117461685619,-24.915368126321862
2001-07-01,-23.482557218899732,18.788475430604535,0.23553746470347425,-24.74326892487852
2001-07-02,-22.289742845399402,19.295426730465056,0.5972234846117388,-23.454208091056174
2001-07-03,-23.487935094180006,18.129143207880254,-0.18137941324211238,-22.75722754688405
2001-07-04,-24.294315715697124,18.910884245724404,0.8315309374169281,-23.412953490257166
2001-07-05,-24.80668396873404,19.86159665007826,0.5876658263338514,-24.441713268230256
2001-07-06,-22.757818239037128,19.43550266381412,0.7320617320246434,-25.71766313201463
2001-07-07,-22.537401613338073,20.291734286209422,0.46775448950278536,-23.48991267912317
2001-07-08,-23.312292782829033,20.523182235042693,0.28896423090120504,-21.62473819569331
2001-07-09,-23.266785014791452,21.79514629047989,-1.065996224163336,-20.92901490519356
2001-07-10,-22.675416966402082,23.08916803397716,-1.2593483154176066,-21.909574099822372
2001-07-11,-21.934087782981337,23.25276070348098,-4.161918964487743,-22.418747324327992
2001-07-12,-23.227575892513276,23.661629009559288,-5.155489567323865,-21.327524877273287
2001-07-13,-22.84875812953411,24.684959313658634,-4.2384056874267655,-21.89291994754389
2001-07-14,-23.628081025279556,25.436106507002503,-4.894668782098148,-22.4574798353149
2001-07-15,-21.883901907722993,23.247526141823705,-6.041169677474521,-21.526253349480147
2001-07-16,-21.137499786029622,22.74953115867397,-4.537275144464078,-20.485639902195462
2001-07-17,-20.43959346014805,21.08247420629705,-4.218044577915843,-20.121313952906036
2001-07-18,-20.521401011725445,22.342791340689676,-4.794875630815784,-20.698992894070848
2001-07-19,-21.233695913707674,21.69954456159943,-3.870743377569517,-20.053205293736035
2001-07-20,-22.580224026618307,22.14099074951407,-5.896640083749133,-19.72249838149598
2001-07-21,-21.608124217780862,21.866174504861334,-5.702115912764124,-20.126795653673895
2001-07-22,-22.524787182247742,21.1842653902511,-7.080618477728951,-17.299160636365183
2001-07-23,-21.401042533406752,21.327689360830625,-7.677209985646474,-18.285197526366662
2001-07-24,-21.945086070382057,20.864762114644417,-6.735346133486786,-19.76391117674107
2001-07-25,-21.9398072703487,20.915131327688727,-8.62172029220292,-22.466537926320015
2001-07-26,-22.033834945723658,20.28102099863503,-8.54194217491099,-23.052983090088112
2001-07-27,-22.329929802443036,21.760518853980845,-9.044372095826702,-23.655077513854778
2001-07-28,-22.168949346533356,21.667439014517896,-8.563851257198598,-21.64297674800835
2001-07-29,-21.45830934062402,20.95539625942924,-9.795550179114919,-22.509971098520726
2001-07-30,-21.141828735427875,20.51369184710867,-9.484488877067736,-22.792654246818103
2001-07-31,-20.660296684938068,20.45680327168356,-10.30974063899609,-20.067398283161197
2001-08-01,-17.763848585441075,20.3234744251051,-10.319333915608384,-23.114060801815732
2001-08-02,-17.519354081464368,21.357025364904345,-9.785877616654428,-22.78664250831468
2001-08-03,-18.44285991875622,20.02238531307675,-10.753626898428307,-23.808636970241103
2001-08-04,-17.82227709775624,19.326777920464714,-10.214580949884374,-24.919466363431052
2001-08-05,-16.055231271248203,18.977930476352192,-9.73299466326766,-26.521947682375043
2001-08-06,-16.808331513429607,18.665354939344848,-10.315734458406345,-26.23276797973332
2001-08-07,-17.15066316785408,18.051915078724974,-9.793170555840492,-24.909090337230673
2001-08-08,-17.084540049111357,17.75599679264983,-9.667081967310713,-23.329287571294174
2001-08-09,-16.47401435856751,18.542219422795505,-8.717169503959218,-22.752341815751056
2001-08-10,-16.790980439303862,19.803908740891764,-7.525779700174065,-23.66393467956458
2001-08-11,-17.34536226374726,18.757254294387657,-7.979968742234186,-23.277800506057343
2001-08-12,-18.776049892762856,18.063615268046476,-5.998547046355967,-23.38436546716103
2001-08-13,-17.66453104676738,18.50361172422603,-4.4599878985648465,-23.517030932688357
2001-08-14,-17.438644259995527,17.427840532259903,-4.576224084754952,-23.59034792801555
2001-08-15,-17.609295956511428,17.416022318449645,-4.11822951636774,-24.267348127673763
2001-08-16,-18.090122660746765,18.30607307000331,-4.501403339603398,-23.46014650717371
2001-08-17,-16.553199156470253,16.530826828115615,-5.9979052424846895,-24.147956045227872
2001-08-18,-15.942049942846129,15.351661960812251,-4.226213264824076,-23.211267550139066
2001-08-19,-15.10383524924473,16.120949521542705,-2.9883953913812573,-22.498908616446787
2001-08-20,-12.970857709042072,16.748132410306578,-2.3438812909058857,-22.568531953118768
2001-08-21,-11.953367958055228,16.87225701097012,-3.2289466195471244,-21.703990843927336
2001-08-22,-11.695583891531165,16.29923000366987,-2.0824938551820287,-21.568775236885198
2001-08-23,-11.54341280356799,16.83910620112662,-3.036693683317421,-22.208188104959202
2001-08-24,-10.858229504321265,16.66247603887289,-1.1143790173572534,-22.577299234940703
2001-08-25,-10.414038023350855,15.804320900771868,0.4005646742946043,-22.376592610565744
2001-08-26,-10.037864504243739,17.08435404894756,0.8511135279420682,-20.689396433780534
2001-08-27,-9.703119186213424,16.966793421198208,1.659053238110746,-18.104018871370457
2001-08-28,-10.044773512577278,17.65987345109619,1.6194284053625616,-18.25662329110192
2001-08-29,-10.54756596252726,18.499806064694734,1.3445965536102533,-17.841439258276043
2001-08-30,-10.071809408354794,19.497937404460654,1.807321009012347,-18.612142910161378
2001-08-31,-11.53621508443555,18.464742613113113,0.6179154762393129,-17.280436346954613
2001-09-01,-12.945029126053814,17.77221977790742,0.5157231799113928,-16.750973647366198
2001-09-02,-13.44976080066622,18.163519447426438,-0.9026822862899704,-16.57642851816142
2001-09-03,-13.375573002916042,18.221933041795538,-3.3785270496066073,-15.867432871523336
2001-09-04,-15.064909707818101,16.943397737735697,-2.613120701212982,-16.205429050987277
2001-09-05,-14.686675932710603,16.970510365605143,-3.8170712231018413,-17.295426174002532
2001-09-06,-14.119665875627083,16.47882904851969,-5.4408617916217885,-16.341221575177723
2001-09-07,-12.996258334920272,14.358043525347776,-5.001218555964326,-15.453008000263257
2001-09-08,-13.633381741601609,14.450385320688046,-4.648767743007022,-15.65001607632218
2001-09-09,-12.887563947194185,15.377595433591067,-2.9364475161183705,-15.167329901553714
2001-09-10,-12.592227184888587,14.087551259876104,-2.091169561302908,-15.28209675922966
2001-09-11,-13.457776615166459,12.85997360688404,-1.3391157674431586,-15.684929484200662
2001-09-12,-13.135230170270304,12.589216037320767,-1.335030455374636,-14.118197612634003
2001-09-13,-13.439473179652284,11.719591132878753,-0.7683721752480633,-13.472348781266984
2001-09-14,-13.360762918624907,11.939153783657206,-1.969956809275406,-11.842305943965275
2001-09-15,-13.638880357899833,11.139312030414436,-1.8697693973053195,-11.544429424652943
2001-09-16,-13.985611231960961,12.645465318178502,-3.4313693180908196,-12.611787902224851
2001-09-17,-15.391862613552812,11.863857811235183,-3.790421824457532,-13.057233858236605
2001-09-18,-16.417962568560682,11.71682973029563,-2.7609603206342523,-12.040144228381156
2001-09-19,-15.860336019551925,11.015088871575482,-2.5616041941717573,-12.757277601714831
2001-09-20,-14.872403498555336,12.20336584150041,-2.964289023510877,-12.959544410838944
2001-09-21,-15.447551343562061,10.390921160901687,-2.0140429027868394,-12.035117844040547
2001-09-22,-14.950748495980642,12.156673443649913,-2.658871871883656,-12.954401606278601
2001-09-23,-15.197162296945335,12.251657117797867,-1.86566836406296,-12.773539588296213
2001-09-24,-14.655958275061106,11.985814336809915,-2.1513917151454436,-13.290776011562608
2001-09-25,-14.436382603880032,13.27614880403095,-1.9690230260965595,-13.62306958459161
2001-09-26,-14.68936035930868,14.119197815203158,-2.4847746429788176,-14.098734886322053
2001-09-27,-14.559443755179322,14.675566584134987,-1.9914543150204054,-13.5649083243778
2001-09-28,-14.969527486089444,13.39488020308038,-0.9695850550640381,-11.935181728896376
2001-09-29,-14.729115557484231,13.23879178197471,0.09055859153333867,-11.158062233280774
2001-09-30,-15.095212218561382,12.063322300170878,0.740333840742829,-9.394637855711558
2001-10-01,-14.364076486827182,11.73666286674476,0.12408155226840767,-9.671008990842594
2001-10-02,-16.171660239434843,12.04243424366387,0.7522104463677854,-8.814520078407778
2001-10-03,-16.155311450667025,10.843507378619044,-0.6098520883983083,-9.310785548120842
2001-10-04,-15.42632569949113,8.961821370349867,-0.4828551153996139,-8.738524809210885
2001-10-05,-16.22089322449593,10.313133467553516,-1.9379226730887282,-8.293739732598665
2001-10-06,-16.128832807659155,12.2053461635119,-2.074334307019606,-8.893426104090782
2001-10-07,-16.4083925023862,11.717576807687735,-3.1349750037561632,-9.960955215897691
2001-10-08,-15.280239777513428,13.198757483116587,-0.07678829132431453,-9.179292276965295
2001-10-09,-14.549825083791111,12.50235380097538,1.0412691002730514,-7.835156673338007
2001-10-10,-13.144753382166286,11.69148710135453,-0.6092912420742662,-8.853563690758097
2001-10-11,-13.569977627073659,12.256758762559151,-0.08127606561101008,-8.929028016568946
2001-10-12,-15.280800682686632,12.758118171912718,0.2652241619599365,-9.193975010710313
2001-10-13,-15.001346344098167,12.136381710385972,0.5210624917765281,-9.937115830464952
2001-10-14,-16.208499288548346,10.70389035430707,0.7783268049497332,-8.766869844878444
2001-10-15,-16.39265623694624,10.740581075484597,1.6282600405174916,-10.27490582461801
2001-10-16,-15.587988085861317,10.512325873671374,1.4660016801701807,-11.883933908585428
2001-10-17,-15.684766896996624,9.802944604518368,1.2995014880958105,-9.871371114800562
2001-10-18,-14.847138333175076,11.209787388484928,2.0441892859252744,-9.181613462114923
2001-10-19,-14.86002794494966,13.174613243230597,2.036824358841896,-9.660712431272325
2001-10-20,-15.140808252387162,13.405930394278581,2.6177694458592207,-9.821697340022846
2001-10-21,-16.465000045682043,11.966876242740833,3.416537662889157,-10.690687218359903
2001-10-22,-15.228204744655105,11.318583378438051,4.23277685251131,-9.384177879869668
2001-10-23,-14.109691414818624,11.673112350005598,3.892433557219671,-8.063683457253049
2001-10-24,-15.054904464184041,11.300959298133282,5.854084995561522,-9.463894741743914
2001-10-25,-15.174331720171551,12.704165433154214,6.0305123976675254,-10.072529330396376
2001-10-26,-15.324278896447792,10.849184167606706,5.066894265797134,-9.884056847048484
2001-10-27,-15.238185292538638,10.842912919469276,5.179091162952475,-10.498215950008564
2001-10-28,-13.8902440919996,11.069751950334085,4.267525614655648,-10.956119496223655
2001-10-29,-13.547854419488152,12.592320849417503,4.105588147619973,-12.321197193777069
2001-10-30,-13.925761107031056,13.265485799095712,4.464293170123766,-12.17339810027435
2001-10-31,-13.16671706653362,13.912898102542725,3.6712888733361715,-13.407619267804403
2001-11-01,-12.974291016270131,13.384366662330834,2.3763403957261255,-13.557264762477205
2001-11-02,-14.652937433787908,12.723555712542314,2.971306028489411,-13.258840895103031
2001-11-03,-15.607981357936474,13.195449529312619,2.6729396551352873,-12.976615053148265
2001-11-04,-16.314273339738648,12.741729401724179,4.377557919040005,-13.431245008878026
2001-11-05,-16.011995563460303,12.111965063238781,4.850402354948314,-13.361015175041029
2001-11-06,-15.068157812907037,13.648783192770257,5.280167234337864,-14.158510632215672
2001-11-07,-14.112970905736058,13.051591377028698,5.622066308494851,-15.926205746494617
2001-11-08,-13.931352172220794,12.135237996020047,4.542205016443448,-15.196900568696226
2001-11-09,-13.408460651118768,12.769208320211943,4.598881513993508,-14.05231972464298
2001-11-10,-12.411405554155975,12.793535182139486,4.277512845707085,-13.605532016525714
2001-11-11,-11.903329315674508,12.759507905880309,4.7824519705272515,-14.19153067407321
2001-11-12,-13.028547294691295,11.734653559831967,7.057969839182137,-13.430600383131537
2001-11-13,-13.21299765979514,10.3466587483172,6.62873105797319,-13.984044963076935
2001-11-14,-11.817046033986301,9.152866415084706,7.873784256422304,-14.576872482256855
2001-11-15,-12.628122838510178,8.48182991013566,6.7106211563715465,-15.26459473926448
2001-11-16,-13.564979199647686,9.247767420198063,6.7331333937394335,-16.018774789048
2001-11-17,-13.931189189400774,8.607946674207502,6.4283531327823376,-16.902739564805927
2001-11-18,-13.340079413986635,8.755366012117271,6.340665411995876,-17.291117312046214
2001-11-19,-12.185263251690753,9.237906212210182,7.434094211808901,-17.147892804481337
2001-11-20,-11.613975071674147,7.985980244194889,5.666321851295436,-14.67740859118246
2001-11-21,-11.985403987527562,10.435655947233155,5.951710864017457,-14.963430069485014
2001-11-22,-11.146695167128337,10.511508889370162,5.1887524788221695,-13.88641349948023
2001-11-23,-11.223591174773363,9.40220960861799,6.098536843670798,-14.338689537059723
2001-11-24,-10.856542932876255,6.6005184612904815,7.375913720604951,-13.298194637460174
2001-11-25,-11.413434984684962,7.613963822735331,6.4763884259228,-13.2533248691097
2001-11-26,-10.420134450119436,8.680548765787096,4.722626737306554,-13.811837238703838
2001-11-27,-9.430680936502709,8.339412822723363,4.563107149400191,-13.661557129525812
2001-11-28,-8.003461104937823,9.90255624514704,5.276282626516783,-12.546108899060219
2001-11-29,-9.09691922007552,8.4909529318912,4.727092008833343,-12.109865967243035
2001-11-30,-8.603470540793014,8.818153818013329,4.969314000436184,-12.52656921929052
2001-12-01,-8.101820875411402,8.305476094760193,4.746598686903228,-13.118820291189214
2001-12-02,-7.609061879030903,9.299067375944364,5.349406164993045,-13.360351895451974
2001-12-03,-7.82738286468708,8.500350496384183,4.930070009837701,-13.534505259480877
2001-12-04,-7.291533348940875,8.082481620673239,4.423042735879664,-14.586491447258936
2001-12-05,-6.998639391476269,8.375442197565901,3.2763124301453193,-13.153223300760445
2001-12-06,-7.308877406748822,9.806789849880639,2.703295001094474,-12.513783064387393
2001-12-07,-7.288789553003914,8.747679004545578,3.3356298998355807,-13.144239255159588
2001-12-08,-8.091631870174236,8.703285313446738,2.696780428345784,-12.137816490818311
2001-12-09,-7.921095035965822,9.934404095007856,2.8603519617442723,-11.3182770773649
2001-12-10,-7.870853916828855,10.631909750005098,3.790594647143316,-13.267395787338184
2001-12-11,-6.212815915978482,12.613542381659586,3.708747438483807,-12.457750526365317
2001-12-12,-6.320882989969332,11.417192842618883,3.2389949477140414,-11.51744208668762
2001-12-13,-5.855810442817369,11.393226299853175,3.7423633935894745,-12.90468845239793
2001-12-14,-6.330864088810738,11.556272012780338,3.6554499648137946,-13.53295033923218
2001-12-15,-5.833807562666501,12.468585373316305,4.250976475046327,-14.849033324966467
2001-12-16,-7.410473156591403,13.012180720084505,4.08650122373619,-14.859828569845284
2001-12-17,-7.689577175448505,15.05939700804719,3.8408388770328474,-14.83615100575086
2001-12-18,-8.594917782424337,15.07562437370332,4.790498661608547,-13.902233840314622
2001-12-19,-9.949170280124477,16.099535571310202,5.253123567803907,-13.720215912051659
2001-12-20,-8.529459307045204,15.07654621468162,6.256213525282921,-14.96632898979789
2001-12-21,-7.762183884784357,14.524545873729199,6.126710632975294,-14.07774810604516
2001-12-22,-7.429851937307611,14.037279690090985,4.220621324394873,-13.786379730467953
2001-12-23,-7.532137004669928,13.182825641411545,5.424756055242159,-11.96990408664811
2001-12-24,-7.80338270866516,12.777632688187202,5.428319073225008,-10.185917554867347
2001-12-25,-8.873625121844771,13.404196205719348,6.540660326184749,-9.89384377287124
2001-12-26,-9.860830906170307,12.614582703372847,6.569079417839722,-7.899713357676847
2001-12-27,-8.954438915460065,11.425652058650531,7.312375325512984,-9.363796738932505
2001-12-28,-9.521489939032005,12.154282727359469,7.055603325577895,-8.858687530746096
2001-12-29,-10.00682952918624,12.158838217288436,7.460089248542345,-8.525283640980378
2001-12-30,-9.4120979649515,12.057467380097604,5.797863771315634,-8.245913199774181
2001-12-31,-8.192019745799891,12.98854846992564,6.2334904301032745,-8.292833130932769
2002-01-01,-8.867932807531357,12.837366421436805,5.863968589398693,-8.869020078564393
2002-01-02,-9.946298189997465,14.847531618839353,5.259234637585189,-9.764694981097673
2002-01-03,-10.721401428600284,15.581393280508074,4.951766421211336,-9.531431910233959
2002-01-04,-11.629935281711358,15.016487209718203,5.365679317741447,-8.261338371995228
2002-01-05,-12.72198850487281,15.734729504064472,4.916062764740179,-8.831799054594745
2002-01-06,-12.343134232967712,15.745269898471989,5.892173885806168,-9.23215342506968
2002-01-07,-12.913430564494845,16.175277878195946,5.851575025030947,-10.454963996189566
2002-01-08,-13.381795510810008,18.217191347952696,5.356099166027354,-10.231595112872913
2002-01-09,-14.175277593501722,19.174797131235614,5.715708236001721,-10.671850335963425
2002-01-10,-15.190099446563964,17.094880076253173,6.642600201928342,-11.50222839310444
2002-01-11,-14.256426669930564,18.008993429106592,6.911060916939859,-10.393826596139373
2002-01-12,-13.333494635292894,18.28032681483809,6.859346041514468,-9.810578031609465
2002-01-13,-13.236763885547388,19.470326681177838,6.761040899461485,-9.36416558917003
2002-01-14,-12.667917090242064,21.130371097208712,6.527862384164836,-9.117178541219905
2002-01-15,-12.664733376303007,21.252994174723685,6.540390293299245,-10.028541672771228
2002-01-16,-13.706566079824759,23.911152629063533,6.956553287460741,-11.454796350804415
2002-01-17,-13.137126602282446,23.00625845287444,5.693662664844429,-12.03675304085044
2002-01-18,-11.955515451736142,24.88971536604076,5.403463723894419,-13.135832753326397
2002-01-19,-14.021040144416936,22.230366039710734,4.009238452301211,-12.391343068023632
2002-01-20,-13.327404458787683,24.42076932465218,4.866874082169423,-13.014382249219933
2002-01-21,-14.889547598410513,25.292276330364512,5.15853818190961,-12.887905049319532
2002-01-22,-13.910719416760044,25.561507182237968,5.2065517380971285,-12.400621980513524
2002-01-23,-14.61211680399506,25.626846445255893,4.685245229562603,-11.677508688320389
2002-01-24,-14.295989117747297,26.163424293505336,4.49717483476775,-14.003952012436368
2002-01-25,-12.47478351043173,25.893405098171858,4.477873960918664,-16.707648823013383
2002-01-26,-13.87800900609218,24.99789236309642,3.33292590517097,-16.716019995762224
2002-01-27,-13.665484259008684,24.241052070262096,4.004839762171653,-17.480214045275538
2002-01-28,-12.045265692786074,25.166251592318794,4.039435074728555,-17.82995865637242
2002-01-29,-9.536960537895158,26.43021205182768,4.055921229573247,-19.59586905733923
2002-01-30,-8.39632358949461,26.986962923547473,3.2491266323852654,-19.3966958771893
2002-01-31,-9.017777924807218,28.12505188242288,4.256177207395094,-18.831669396059723
2002-02-01,-9.737439140656997,30.124790442985756,3.78810686099457,-17.486655469657396
2002-02-02,-10.756368218605859,30.368822055754254,5.722301099746005,-17.76204572258808
2002-02-03,-10.53261535157947,31.022507972692956,3.5083359276113395,-17.356624807797512
2002-02-04,-12.302350741768505,31.375592925802543,2.3906885474149964,-17.981705588320743
2002-02-05,-13.122892519162093,32.24767377453513,0.6781205599728286,-18.435630915367284
2002-02-06,-12.45701066153618,31.679671080267944,1.7389840845848112,-18.498703118964144
2002-02-07,-11.666242338327796,31.356772710077983,2.4723518561051363,-19.698650575296874
2002-02-08,-11.17144513367432,30.70511199360387,4.325915895896889,-18.118282828259765
2002-02-09,-11.34807381258117,31.29860114486814,4.091953847472285,-17.466605186880706
2002-02-10,-10.748509627840816,31.41914611376181,3.939358190350696,-17.755386098632634
2002-02-11,-10.02174754919535,30.388190497206217,3.7803219080865085,-16.53357192791078
2002-02-12,-10.851832965375097,31.054677711224848,4.757596787253188,-17.396630882096282
2002-02-13,-13.668221893477694,32.72104422220267,5.708918217117144,-17.384185667709737
2002-02-14,-13.986192118797224,33.36829929649152,6.155586854524571,-18.16329935782584
2002-02-15,-13.180803940735094,34.097296583424715,4.010137037542415,-19.04370665464815
2002-02-16,-13.552219680411008,34.001639558660955,3.639800387859458,-18.55310766242878
2002-02-17,-14.119931373124983,32.97691568951376,3.030723604039673,-17.15650258457153
2002-02-18,-13.751487773396047,32.92814952126908,3.9093476821561284,-16.852658108896225
2002-02-19,-13.152903058410288,32.45780624031854,4.9702138620341145,-16.426064543337645
2002-02-20,-12.61374024213414,33.35619373960725,4.821491708605721,-17.764369546473034
2002-02-21,-13.01872475683078,32.692588668185024,3.676957905973521,-18.081950603816484
2002-02-22,-13.017059669833415,33.430184850485524,4.437369321689196,-17.161588231730757
2002-02-23,-13.576408728287484,31.71370684517657,3.791921383644768,-17.577655936493787
2002-02-24,-12.579959298977393,31.10671264815869,3.93361123883603,-18.35195795520178
2002-02-25,-14.166012952929886,28.66817029990242,2.0599265030077962,-18.56208922503541
2002-02-26,-13.465986472435901,28.830681933605327,1.3695539430907542,-19.166869963933085
2002-02-27,-12.817019970541729,30.908229432202372,2.108300944879113,-18.939640529848017
2002-02-28,-14.221391035741307,31.208088177055025,0.5595745217979511,-19.611979762096436
2002-03-01,-13.285784559855315,32.240738066005406,-1.9766687190869385,-20.48594735829774
2002-03-02,-13.087472482904582,30.61457935946204,-2.5853591833215224,-21.877332135615898
2002-03-03,-13.028710035407869,30.805549897999114,-0.990530797068083,-22.2126402913902
2002-03-04,-11.953439522725992,32.543100816646,-1.5612192373867482,-20.507664262264306
2002-03-05,-11.325856170992981,33.90818731827807,-3.378243571731047,-20.153919471066175
2002-03-06,-11.36178191368088,34.381135362756325,-3.2345105904216287,-20.399893265279218
2002-03-07,-10.746937849583396,33.218992170728086,-4.101031482537613,-20.80624478352162
2002-03-08,-10.52669292452279,30.449893723649286,-2.951197236001182,-20.156812724500657
2002-03-09,-11.16502379868663,31.024461753740173,-2.6068621628405464,-19.728383718151854
2002-03-10,-9.99634414335804,31.808348062443876,-1.5514472408400268,-20.538327063890616
2002-03-11,-10.961068017230838,30.57583855875278,-1.7234710737385022,-18.738376495012044
2002-03-12,-11.556465611426441,30.79000259119339,-0.34730799987536964,-18.44946065662854
2002-03-13,-10.995482077178162,31.171747985239225,-1.3034205842869024,-18.74056857336258
2002-03-14,-11.935916409229176,29.712739085524568,-0.9954768789933405,-19.171589274484298
2002-03-15,-11.042037226246476,27.90237301225509,-0.011093187314880959,-18.743307167757678
2002-03-16,-10.552310084903201,28.54742505307434,0.09671141843599669,-17.722013940080682
2002-03-17,-10.339425453856586,29.01973829171438,-1.0097674833986825,-18.826220815080152
2002-03-18,-11.449711760566439,29.695745884135402,-1.8671023609865491,-16.790962882202034
2002-03-19,-12.088222918425796,28.535334863656676,-1.249835001785095,-16.716582591256785
2002-03-20,-12.40678440868478,28.865421539522053,-1.0517964926283498,-16.681882220703322
2002-03-21,-13.110904870628012,28.827338528041345,-1.3329648317484524,-18.05835146942428
2002-03-22,-13.681165286229803,29.264936315526242,-1.2378859134933509,-16.48973325585005
2002-03-23,-13.138097888280727,29.296509534167345,-2.52024097651806,-17.108716562983272
2002-03-24,-12.093146856675487,32.22817375827826,-3.901622043791287,-17.76833310896602
2002-03-25,-12.116439261451386,32.31453259600757,-2.250583191075157,-17.483319763584987
2002-03-26,-11.95711582945459,32.18002791577896,-2.304985627171703,-16.42045571608517
2002-03-27,-10.992529897881075,33.75862497303524,-2.5470537509813083,-15.133303663988695
2002-03-28,-11.552114237220161,34.19075022408016,-1.8083184515177022,-15.214110982332498
2002-03-29,-10.16485600532041,33.55764905598332,-1.1602879247903783,-15.14612505418441
2002-03-30,-10.481730593815081,32.98704015991802,-1.5150745754891233,-14.17879685472226
2002-03-31,-10.916284824200146,33.157226590956526,-0.7235299493894748,-13.846227585352862
2002-04-01,-10.778107092566595,32.71852974336688,-0.6042156897118858,-12.517870966961418
2002-04-02,-10.470362171511429,32.46367359173553,-1.4804793336281006,-10.660197125877652
2002-04-03,-11.568655832042605,32.49041226544467,-1.7272656042703993,-12.634241728692015
2002-04-04,-12.709516636391006,33.712480263777906,-2.0637257074131514,-12.700039623136995
2002-04-05,-13.010222913580822,33.62057117448448,-1.12652533047783,-13.107539425419015
2002-04-06,-14.100283590610305,33.34304374722112,-1.2014997694505092,-12.693886568429502
2002-04-07,-14.638871723163794,31.730182789450616,-1.0261019710211685,-12.529367835633991
2002-04-08,-13.220240188984631,30.192006555762962,0.7444968717511917,-13.263054706080379
2002-04-09,-12.301731923974467,29.743651852237907,1.5515920023880074,-12.722497350852327
2002-04-10,-10.915140043544797,31.35282135048342,-0.06167488571495183,-13.688771735184362
2002-04-11,-10.322351146665913,30.840837909722524,-1.3006492855159122,-13.803340542756256
2002-04-12,-8.678400662281739,32.3715631250318,0.10256419298050612,-13.884069625516961
2002-04-13,-8.58711081571103,33.59230501056022,-1.1073784469060952,-15.701449546453988
2002-04-14,-7.873625755911252,34.70427189886972,-0.45022927026399306,-16.551104175229757
2002-04-15,-7.141290110856234,34.83161526083097,-0.40939676677994224,-16.392655471750043
2002-04-16,-8.50339089873517,34.269905781676144,-0.8932214006557784,-16.583093731304178
2002-04-17,-7.289991024950344,33.82215590149673,-1.1569579294028722,-16.56476168750498
2002-04-18,-8.367562921149355,33.81953272309983,-0.8774488808728547,-17.348624386295857
2002-04-19,-9.35660920320893,33.198854638146784,-3.4590035874694403,-16.61842725652455
2002-04-20,-8.378130156778349,34.46247417733293,-3.0890572173566797,-17.35647512590915
2002-04-21,-8.013413244857976,34.346023215438485,-2.3520540497064073,-17.397348394597316
2002-04-22,-9.077780909096857,33.89662354161372,-2.285314541830428,-17.21622990089747
2002-04-23,-7.326020773266576,34.71271790133767,-0.8371078253391804,-16.743715892063364
2002-04-24,-6.123554708953116,34.96823199441565,0.6900486416217153,-17.55113129502615
2002-04-25,-5.443614032541747,34.61751750002339,3.0551877046563405,-16.380037846308042
2002-04-26,-6.374508172269743,34.92603762800164,2.0293014292509834,-14.703576490906629
2002-04-27,-7.692761355928956,35.382086055659194,3.013957698475484,-14.017629025710422
2002-04-28,-9.830358289846098,35.66429148539876,2.3437997457074404,-14.737949883608104
2002-04-29,-11.301980236533428,36.138784480909834,2.999104242026671,-15.330555321053353
2002-04-30,-12.936728584312334,35.38086956744445,4.0940835775112,-14.646772856104091
2002-05-01,-14.272390240474735,36.49156422649686,3.8443130720842267,-15.106551820380277
2002-05-02,-13.327456554046552,35.60363491935426,5.894583793599583,-14.813533138347118
2002-05-03,-13.269247721959339,35.96480214508942,4.51574521299281,-13.585004778825281
2002-05-04,-13.638713118526741,35.012103780123475,4.70163984054441,-15.640676704589342
2002-05-05,-14.979591571791389,35.873001355944325,5.275658506486802,-16.82595963123448
2002-05-06,-13.998764994994506,36.124081585990574,3.7283893358128717,-17.38935909689353
2002-05-07,-14.139033335861274,36.706960412111385,4.196930987166699,-19.09688555727526
2002-05-08,-14.5841769655132,37.35204101425053,2.0903571898588567,-18.32639589687717
2002-05-09,-12.50089180762788,37.57071777371739,2.4680150644605865,-17.82457860664347
2002-05-10,-11.301634939655237,36.80636381520615,2.522817830851369,-16.654693742028197
2002-05-11,-11.745412931636501,36.95076115975737,1.8086038818789996,-17.341813339506167
2002-05-12,-10.490069972123267,36.911380947315315,2.93809465326476,-18.49865717863097
2002-05-13,-9.322841642769703,37.04674114439835,2.9162738558768724,-18.697945987412268
2002-05-14,-9.700626104201842,36.49758881885736,4.373491445821663,-16.379437970808123
2002-05-15,-10.133953404733342,36.329797844135605,6.328466269607224,-16.87236247280505
2002-05-16,-11.106957825825011,36.404828721481266,8.860453344300721,-15.376087762707916
2002-05-17,-11.819672279814297,36.906879715330426,7.640263880344721,-17.65242056205534
2002-05-18,-10.674811961972157,37.59473813688149,6.545410243138509,-17.6513406742447
2002-05-19,-9.13413890434067,37.469685799993954,7.065947591740891,-17.010850592563465
2002-05-20,-9.747655479671383,39.15633724360568,5.9128644761682,-14.590043931909289
2002-05-21,-8.960642583974206,40.485710953364716,5.9838183985207705,-15.473348089721064
2002-05-22,-8.497138046386693,41.4402246456719,6.701404591527393,-16.954182415088713
2002-05-23,-8.587576577284139,42.480906481871585,6.040238381229745,-16.539221825549305
2002-05-24,-6.78461220905519,42.45671315270724,5.922485684819029,-17.761183524506308
2002-05-25,-6.969907962493458,42.476841327617755,5.479872369065822,-18.711744659938205
2002-05-26,-5.262996397924738,42.196221095230555,4.559904068316509,-18.233850715562447
2002-05-27,-5.791012392568871,42.12679516633961,4.56217811111075,-18.051876431702237
2002-05-28,-5.168204330985183,41.12329816960646,4.417081895354148,-17.19428667957733
2002-05-29,-5.388338808180935,42.31068932513569,5.282101823060295,-17.47871157699125
2002-05-30,-4.105597432189597,42.61675649537643,6.122196532476394,-17.448959134953103
2002-05-31,-3.0873791413642717,42.725665367758154,3.852502615578877,-16.667479939284956
2002-06-01,-3.4334737560727406,43.42073407230591,3.027378284172183,-16.714012363061844
2002-06-02,-5.120272708994213,42.875869350680425,3.1568327134062675,-15.719979586257192
2002-06-03,-4.717030270833593,42.3054540169657,4.354286026919405,-12.989723476606343
2002-06-04,-5.261730515784824,42.232945758174964,6.374290882215748,-12.83462519950224
2002-06-05,-4.3698446474603765,42.55715553726249,6.285942113762575,-12.78281259761331
2002-06-06,-4.275133315312955,41.94302396349178,6.018560062137236,-12.896132162963957
2002-06-07,-4.884520557655073,42.90485737466634,6.1299623946988495,-11.413888890686552
2002-06-08,-4.823887911883719,43.32778582544446,5.309385026078097,-12.214533393934092
2002-06-09,-6.024949867177307,42.07058294825179,6.85220319510362,-11.170163775979848
2002-06-10,-7.000659797611653,41.49624557205951,6.395315802426069,-11.829571090726827
2002-06-11,-6.338925092624679,40.788858017510236,5.178426271244399,-13.27877950286761
2002-06-12,-5.635000008373303,40.92656204115481,5.1082359528902455,-13.082561432017796
2002-06-13,-5.743869454474215,42.410471287914596,5.3415074813528225,-13.859679106593315
2002-06-14,-3.2013158918679077,41.6440481556266,5.91229061571492,-13.960085078939505
2002-06-15,-4.130334029347246,40.037067543855585,5.949776661430809,-13.32830030282719
2002-06-16,-5.289419142804087,40.61183675871617,4.83966342245512,-13.980255715582548
2002-06-17,-5.867458991157055,38.42242699520868,6.199242420839807,-13.39256955299705
2002-06-18,-6.296037973046417,38.10388797684366,5.81526622147207,-12.971700481430695
2002-06-19,-6.4944954642054435,34.49215016634286,6.239291075756989,-11.4621560229017
2002-06-20,-6.043243645841239,35.47419116516398,6.556973725050176,-11.351227832781277
2002-06-21,-5.590402065635396,34.40553245748003,5.703426767319764,-10.5386287045843
2002-06-22,-6.362983917266749,34.95496930838844,6.647533386288763,-11.78981202944622
2002-06-23,-5.728411491746822,34.15123988708306,6.2084650965294585,-13.694934691359778
2002-06-24,-4.481167778736877,34.03926501295278,6.052190296637817,-14.058144527021062
2002-06-25,-4.802719035071589,33.71573775121363,7.2524550067440385,-12.077798857050885
2002-06-26,-5.969244857529311,31.618170536746,7.243626054329233,-12.127796924836947
2002-06-27,-7.090984497514136,30.34387494977217,5.889993187730005,-12.472096522785407
2002-06-28,-6.761989122927542,31.84137822268786,3.8108000322352815,-12.570805677988465
2002-06-29,-7.35842003892934,31.596397539299428,3.3191508242992254,-11.903961072427828
2002-06-30,-8.133458613719737,32.07992969374868,2.803618094044026,-11.06165056243155
2002-07-01,-9.207564456003698,32.33104435558642,2.713488877902499,-11.993694041439202
2002-07-02,-10.211419823486873,32.77062580317289,2.532234653501207,-9.483282136441728
2002-07-03,-12.138639982476455,31.818587301310334,2.8832378467783446,-9.417955706621715
2002-07-04,-12.54866943646444,33.5729684393158,3.202798225708171,-7.878824786911434
2002-07-05,-11.916406336950885,34.046144652594,4.211045541228467,-8.366598931516984
2002-07-06,-12.897261444566514,33.201510582238654,4.073388673414886,-6.700021188025998
2002-07-07,-12.055254117567047,33.05979109879951,3.5781945851131285,-6.848137125773336
2002-07-08,-13.149965601530335,33.537785220216044,3.2866245285359423,-5.688728853280786
2002-07-09,-11.80763747464755,33.90696739540885,1.6788692767337028,-4.011350526081657
2002-07-10,-10.289381946346072,32.912423210926754,0.25179109456297777,-3.2456820842572838
2002-07-11,-9.63927057877872,33.329721756619435,-0.22661309814367614,-3.10646519078984
2002-07-12,-10.480730026086066,33.139175373311716,-1.1338507377524167,-1.8365603335272935
2002-07-13,-9.113405761140362,31.7911861897732,-0.6813875263363245,-1.8096437616528247
2002-07-14,-9.030765913000801,30.958886254918376,-0.7360910735375926,-2.7302820537039443
2002-07-15,-8.29800361176431,31.610680819886696,0.410664985347316,-1.2938532247559418
2002-07-16,-10.145902211117974,30.23017828387262,3.0993144583508863,-2.3608170825524026
2002-07-17,-10.764798288954685,31.094167982453524,3.737141880708836,-4.063010389536058
2002-07-18,-12.498960792086999,30.973853675544852,3.2399014116583063,-4.284653334720032
2002-07-19,-13.667259303978472,29.656507382825115,4.598375553792216,-4.38113801291834
2002-07-20,-14.08153582688555,29.408756145989702,4.587254016398447,-3.4255568796607587
2002-07-21,-13.724592483298368,29.245658197469123,5.338819826395566,-4.132309612146219
2002-07-22,-12.723191952734068,28.50395318298352,6.649475388939142,-2.856197858254877
2002-07-23,-12.586567813395918,30.095981988423738,6.71852723435135,-3.2493226570006204
2002-07-24,-11.583942703537254,30.123942667702018,7.443620034934998,-2.8412826120941426
2002-07-25,-11.040796634796239,29.057055034822906,7.778342677567454,-2.4765932109847304
2002-07-26,-10.232981746969074,28.867157192594465,9.647956642502411,-4.393645669902385
2002-07-27,-9.99141330605834,28.77670290639848,8.57884589510666,-4.262884892718257
2002-07-28,-9.630668722757292,29.310512563196223,8.684537819479765,-5.589025405201065
2002-07-29,-7.783259101985847,29.59147170483701,10.692656337000997,-4.584159298445194
2002-07-30,-6.11772638767315,29.289668639264185,11.78260382429414,-3.16385097875636
2002-07-31,-5.423555035260384,29.21532837168503,10.499637339696571,-1.8468388304838594
2002-08-01,-4.452978541830641,28.39731881091287,10.264391917929604,-3.52613740698174
2002-08-02,-4.073408459755284,28.94781712299382,10.851541519112269,-4.141447034629926
2002-08-03,-3.862450351592745,28.2255411905577,10.97146933181845,-5.301673493826131
2002-08-04,-4.851255512107998,28.217702168156016,11.329050828288976,-5.615253747745322
2002-08-05,-4.595099835729693,28.79710356286724,11.53153246253723,-5.710526571948704
2002-08-06,-5.146185067050721,29.383887312289204,12.461360910318339,-6.4484292533987855
2002-08-07,-5.957709504585811,30.233698536815904,12.77382401782636,-6.115065818130054
2002-08-08,-7.711180998178275,32.2378196446773,11.267563479533372,-7.686868122438683
2002-08-09,-8.573179371496984,34.02268460588208,12.739299802860444,-7.613299440924246
2002-08-10,-9.770513184666518,34.656439895139364,11.987841115922311,-7.4630238743109985
2002-08-11,-10.141885282624964,36.14034809054004,11.04355289500361,-5.736187225091516
2002-08-12,-11.889930111134856,34.773897205302795,12.219142544101816,-4.305893170768675
2002-08-13,-13.457594490817176,33.24034851532835,12.959175334014414,-3.5927025247229523
2002-08-14,-13.861756422311737,31.61156817989713,14.135441280803361,-3.01207373327167
2002-08-15,-12.70483250116765,31.335368129684472,14.330722485612759,-2.8173169254606636
2002-08-16,-11.63590879207446,31.42446322815015,13.628739867787473,-2.8638331376175596
2002-08-17,-12.298355812043694,31.307916737387256,14.665568169372838,-0.9949607268791434
2002-08-18,-12.380468942477604,31.38624465826848,15.013342217184777,-0.1874504947490211
2002-08-19,-14.419473034957068,30.761051413950046,14.387508804759188,0.182885962924965
2002-08-20,-15.445042927262282,31.826742846389347,14.694136522163994,1.5120505352305011
2002-08-21,-14.859511824911413,30.77892266913388,14.83446341715831,1.0455350934351648
2002-08-22,-15.447587945399754,32.053912038253806,12.967305612614142,1.5737933429234676
2002-08-23,-15.466547148458622,32.00196143155751,13.067096446481484,1.838063262977581
2002-08-24,-17.25937436614864,31.76029385915891,12.013751332108583,2.25732077985487
2002-08-25,-17.935854522648953,29.660104362535204,12.514503544728372,2.3299679057251277
2002-08-26,-19.266070929311898,29.859782662542766,13.181236610444962,-0.4698192123553202
2002-08-27,-18.639948243181564,30.157182294134,14.06180598343972,0.08634425866346473
2002-08-28,-18.31805535549226,30.796350400246183,14.986643150944307,0.34281599634350735
2002-08-29,-18.802858478546586,29.45426008462283,14.360276497264646,-0.31646769022454224
2002-08-30,-18.85868511737209,30.605034864238984,13.841036782058506,0.30819924880358973
2002-08-31,-18.102691392811163,29.08605733615983,13.239558884908451,0.5831111727290469
2002-09-01,-17.46247786950479,29.015061805859638,16.267873402348016,-1.144011351625931
2002-09-02,-17.521174441713764,27.696220668177226,15.501577759108162,-0.9645956451925346
2002-09-03,-17.654374390450222,27.744827882804156,15.869527424507545,-1.8405818305303918
2002-09-04,-19.21162984614145,26.704933476245408,16.121785453628057,-0.7655117586894891
2002-09-05,-20.160138033265376,26.734322781392244,16.103527681315352,-1.4101167632809888
2002-09-06,-19.19067723632656,25.57431542037529,18.129685739143053,-0.5991705886299987
2002-09-07,-19.043109687588885,25.59852947989638,17.225615151679076,-1.6458467643032217
2002-09-08,-19.952406570876335,24.051338122496237,18.64169456680614,-1.4770907302857483
2002-09-09,-19.40433429639714,23.790488531968098,18.50094509110439,-1.1378599708763935
2002-09-10,-20.018645986230997,22.490772720373464,17.820127903295525,-0.3446342065179755
2002-09-11,-20.99110389531019,24.02421410452319,18.638614643235595,0.010357645350561995
2002-09-12,-22.047869078893758,22.33826587113209,17.68132695445333,0.15854674806703725
2002-09-13,-22.295226421083754,23.582939760152062,17.418657976818917,-0.7093445730967098
2002-09-14,-22.65800531112548,25.148560217841602,18.13668354975823,-2.275730764223603
2002-09-15,-22.654108530610852,24.23794654505245,18.217738336186446,-0.38636880139738694
2002-09-16,-21.21573504115345,25.181509033825723,19.02130234726264,-1.7109836115692532
2002-09-17,-22.07659640784633,26.79920884124996,18.60661412664288,-3.005160031081986
2002-09-18,-21.43210702866897,26.863547820679198,18.648160314674822,-2.858341460088223
2002-09-19,-22.512933199507255,27.976975205203487,17.323700123337296,-3.314351992423127
2002-09-20,-21.84818599140159,27.01883617551072,17.58448646360858,-2.25207088027703
2002-09-21,-22.97306055735618,25.96842608161641,18.541431246924944,-1.0961155416887856
2002-09-22,-23.884954573067038,25.297731318839592,18.02718692817961,-1.0070261140674972
2002-09-23,-23.76626982974384,26.531287127453993,16.687600517533063,-1.3426020317308842
2002-09-24,-23.331541617220697,26.20076265507387,17.68827940860699,-0.5863586815410247
2002-09-25,-24.10156916270954,25.7329280923235,18.1781431397581,0.825913083745808
2002-09-26,-24.718149330829476,27.16284771335835,18.994365397725204,0.6518418367868296
